text,label
menang berapapun pasti di bayar langsung,1
kota88 bonus new member slot 150%,1
saldo 188 situs paling gacor,1
bonus freespin dan buy spin,1
event parlay kalah 1 = menang,1
proses deposit dan ovo gopay spay,1
main meski kalah masih tetap dapat uang,1
main di gamble247 rasakan maxwin tiap hari,1
cuma share video  slot dapat jutaan rupiah ,1
minimal deposit rp 10.000,1
daftar di sini ! bonus rebate 100%,1
jandaslot88 ayo daftar sekarang juga!,1
5pucuk88 cashback 100%,1
200% welcome bonus slot bonus member baru slot 200% terbesar hingga idr 2.000.000 hanya di situs slot online terpercaya ekings!,1
100% welcome bonus slot nikmati bonus member baru slot 100% terbesar hingga idr 1.000.000 hanya di situs slot online terbaik ekings!,1
bonus sambar petir gate of olympus hingga idr 488.000 slot,1
dobel win taruhan anda kami x2 jika menang idr 500.000 sportsbook,1
bonus new member 50% di depan to 12x,1
daftar situs slot online bonus new member 100% diberikan di awal,1
ps pentrslot situs slot online terpercaya jackpot berapapun dibayar penuh! terbang hingga x5000 spaceman,1
rusia 777 menang berapapun dibayartuntas..,1
main bareng bang spe rtp game paling joss,1
cina 777 slot paling gacor di indonesia,1
menang berapapun pasti di bayar langsung,1
daftar segera di bamslot rasakan sensasionalnya,1
minimal deposit rp.50.000,1
deposit berapapun bonus freebet,1
daily wins mega 4 turnamen harian total hadiah rp 200.000.000 setiap hari hadiah uang tunai berlangsung maret 2025,1
bonus1000% untuk member baru online,1
"anti rungkad, anti bocor gampang menang modal receh bawa pulang jutaan",1
id server vip member baru dimanja auto maxwin badai petir merah x500 minimal depo !)k,1
jagoan 88  mega bonus 100% untuk semua slot game,1
mega bonus slot untuk provider 400%,1
judi slot online big bonus slot daftar sekarang,1
bonus new member 30% bonus depo harian 5% menerima deposit e-money dan pulsa,1
menang lagi lagi koinnya bisa ditukar uang brow,1
rokok slot slot gacor hari ini deposit pulsa tanpa potongan rokokslot daftar menggunakan e walllet,1
mega bonus 400% permainan slot  untuk member baru hanya di joker188,1
daftar sekarang joker game slot joker 123,1
bonus new member 50% daftar sekarang bisa deposit via pulsa dan e wallet ,1
juraganjp situs judi slot online terbaik terpercaya,1
server luar id pro modal kecil pecah jadi sultan,1
bonus harian slot game 20% bonus langsung diberikan di depan,1
permai 4d cara main slot mudah menang untuk pemula,1
selamat datang di bandar jufi togel online terpercaya dan terbesar,1
jaya slot4d slot gacor gampang maxwin promo bonus new member 25k,1
slot gacor online  mainkan berbagai permainan terbaik,1
permainan game kasino lengkap 12 provider daftar sekarang juga,1
bonus next deposit 5% klaim sepuasnya,1
"mega jackpot daftar di tarkam88 bonus member baru daftar, deposit & withdraw bisa melawi e-wallet pulsa",1
claim new member 100% disini sekarang daftar disnsi sekarång juga jon4d,1
slot online gacor resmi indonesia proses cepat 2 menit pendaftaran mudah tingkat kemenangan layanan onlne 24 jam min. deposit 25.000,1
sky777 bonus-new member bonus harian ketik di pencarian indosky777 +62 852-1153-0269,1
esiabet deposit pulsa tanpa potongan bonus new member 100%,1
situs resmi slot online uang asli joker whatsapp 0852-1599-2699,1
bonus langsung di bayarkan di depan bonus new member 200%,1
lagi gacor boss  gate of olympus pestä gratlsan,1
menang kalah dapat duit cashback rollingan slot member,1
jagoan 88 mega bonus 100% untuk semua slot game john hunt,1
bonus  cashback situs beting online resmi terpercaya di indonesia www.utamasbobet.com,1
upin slot pasti jp 100% tanpa pola,1
modal receh 30k maxwin 2 jt slot gacor gratisan no buy spin slot gacor hari ini,1
bonanza slot 88 welcome bonus slot 100%,1
selamat datang di 2 3 4 betting tariuhan online terlengkap & terpercaya daftar gratis,1
purnamaqq  agen judi online terpercaya perma!nan terlengkap live chat  minimal deposit withdraw purnamaqq purnamaqq,1
pendaftaran vvip buruan daftarkan dan bermain di sontogel !! nikmati hadiah 4d terbesar  daftar sekarang,1
selamat dätang selamat datang di agen  bola judi online terpercaya sukajudi88.com,1
bonus referensi hanya dengan  mendaftarkan teman anda ,1
game slot online terpercaya winning568 sering kasih bonus,0
raffi234 situs resmi slot gacor anti rungkad terbaik dan bandar togel terpercaya di indonesia. ,0
sendok 88 bonus deposit dan re-deposit 10%,0
sendok88 akses situs game online resmi & trending yang sudah dipercaya banyak orang,0
sendok 88 minimal deposit rp.10.000,0
advant play telah hadir provider slot terbaik main sekarang,0
gebyar pg-soft bawa pulang hadiah motor dan hp gratis,0
 situs slot gacor terpercaya jepe berapapun pasti dibayar 100%,0
"wd kilat hanya hitungan detik, lebih dari 1 menit 100% bisa deposit pulsa e-walet dan virtual account",0
"berapapun hasilnya, dibayar tanpa ribet!",0
bergabunglah di kota88 dan nikmati bonus member baru slot 150%!,0
free spin & buy spin tanpa batal,0
"saldo 188, situs terbaik dengan peluang menang terbesar",0
"saldo 188 deposit mudah dengan ovo, gopay, dan shopeepay",0
parlay seru: kalah satu masih untung,0
raih maxwin setiap hari di gamble247,0
bonus 150% untuk member baru,0
saldo 188: menang selalu bayar penuh,0
main tanpa rugi? hanya di hoki777,0
free spin dan buy spin tanpa limit,0
parlay anti kecewa: kalah satu masih cuan,0
maxwin harian hanya di hoki777,0
indomie seleraku,0
aqua karena kesehatan itu penting,0
apa pun makanannya minumnya teh botol sosro,0
lezatnya bikin nagih,0
jelas lebih enak,0
manisnya cinta dalam setiap gigitan,0
good day kopi gaul masa kini,0
kelezatan dalam  gigitan,0
teman ngemil yang bikin kenyang,0
life is never flat,0
wardah halal dari awal,0
cantik alami mustika ratu pilihannya,0
kulit cerah berseri sepanjang hari,0
lindungi kulitmu dari kekeringan,0
sabun kesehatan keluarga,0
senyummu masa depanmu,0
rambut indah percaya diri maksimal,0
wajah cerah gaya keren,0
tidak takut keringat selalu segar,0
cerahkan hariharimu,0
inovasi tanpa batas,0
selfie expert and leader,0
teknologi hebat untuk semua,0
gaming tanpa batas,0
momen terbaik terekam sempurna,0
menginspirasi dunia dengan teknologi,0
teknologi cerdas untuk rumah modern,0
keindahan dalam genggaman,0
ambil gambar bagikan petualanganmu,0
semakin di depan,0
semua kebutuhanmu dalam satu aplikasi,0
pasti ada jalan,0
simple modern nyaman,0
mode untuk semua orang,0
gaya yang nyaman,0
dunia mode di tanganmu,0
nyaman di setiap langkah,0
petualangan dimulai dari sini,0
streetwear kebanggaan lokal,0
mempermudah hidup anda,0
cintailah produkproduk indonesia,0
lebih baik cosmos aja,0
membawa inovasi ke rumah anda,0
lampu hemat energi,0
hidup lebih baik dengan electrolux,0
terpercaya untuk rumah tangga,0
ide untuk kehidupan yang lebih baik,0
solusi dapur modern,0
semua bisa terhubung,0
gudang garam kretek sejati warisan budaya,0
lindungi keluarga dari kuman,0
blueband lebih bergizi lebih baik,0
rasa tradisi kualitas modern,0
teknologi cerdas untuk rumah pintar,0
mie sedaap nikmatnya bikin happy,0
pontianak post suara inspirasi masyarakat,0
nutrisari segar alami sehat nyata,0
pronas protein berkualitas untuk keluarga,0
indomilk susu sehat tumbuh kembang maksimal,0
alfamart belanja praktis hemat setiap hari,0
xl makin banyak manfaatnya,0
internet cepat untuk semua,0
mengirim dengan hati,0
lebih dari sekadar ojek,0
belanja hemat hanya di shopee,0
mulai aja dulu,0
hidupkan momenmu,0
konsultasi dokter kapan saja,0
live in your world play in ours,0
bermain tanpa batas,0
mobilmobilan paling keren,0
mainkan di mana saja,0
semua hiburan favoritmu,0
musik di mana saja kapan saja,0
tontonan tanpa batas,0
bersiaplah jadilah pemenang,0
senantiasa di sisi anda,0
melayani dengan sepenuh hati,0
tumbuh bersama anda,0
melayani negeri kebanggaan bangsa,0
dompet digital mudah dan cepat,0
bayar apa saja kapan saja,0
bayar lebih mudah dengan gopay,0
cukup scan langsung bayar,0
hidup simple semua di satu aplikasi,0
satu untuk semua pembayaran,0
desain premium performa unggulan,0
skutik pilihan anak muda,0
orang pintar minum tolak angin,0
tetap percaya diri tanpa keringat,0
nyamuk pergi tidur nyenyak,0
nyamuk mati seketika,0
belanja puas harga pas,0
napas lega tidur nyenyak,0
perlindungan dari kuman setiap hari,0
atasi sakit kepala dengan cepat,0
kayak ada lemon limenya gitu no bokis,0
penuhi nutrisimu dengan,0
penuhi nutrisimu dengan ollate susu buah sehat asal korea,0
hidupkan semangatmu dengan coke ayo,0
bekerja dengan daya tahan alami kulit lawan  kuman berbahaya,0
cintai usus mu minum yakult tiap hari,0
rasa teh terbaik ada di pucuknya,0
yang lengkap  gak ribet paket hebat hemat banget rp ribuan,0
sejuta kebutuhan satu aplikasi,0
indosat selalu ada cara,0
garuda indonesia kebanggaan bangsa,0
dancow nutrisi tumbuh kembang anak,0
pertamina energi terdepan untuk kehidupan,0
indomaret dekat di hati mudah dijangkau,0
indihome internet rumah tercepat,0
